supplier,risk_type,severity,title,description,status,created_date,resolved_date,assigned_to,mitigation_plan,impact_area,impact_description,probability,business_impact,detection_source
Atlas Construction Materials,financial,medium,Credit Rating Downgrade,Major structural steel supplier's credit rating downgraded from A- to BBB+ by S&P due to increased debt load following three recent acquisitions in the specialty metals sector.,open,2025-01-10,,John Matthews,Request updated financial statements and performance bonds. Review payment terms and potentially increase retention percentage.,Financial Stability,"Potential impact on supplier's ability to procure raw materials and maintain scheduled deliveries for three major high-rise projects.",medium,medium,Financial Monitoring System
Superior Concrete Solutions,operational,high,Plant Shutdown Alert,Ready-mix concrete plant shutdown due to equipment failure at primary batching facility. Affects 75% of production capacity with estimated 2-week recovery time.,acknowledged,2025-01-15,,Sarah Reynolds,Activate alternate supplier agreements for critical pours. Request recovery timeline and secure dedicated capacity at alternate plants. Revise pour schedule for non-critical areas.,Schedule Impact,"Potential 2-3 week delays on concrete pours affecting structural schedules for two commercial projects. May trigger liquidated damages clause if not mitigated.",high,high,Supplier Notification
Stone Source Quarries,geopolitical,medium,Transportation Disruption,Interstate trucking disruption affecting aggregate deliveries from primary quarry due to regulatory changes in hours-of-service requirements.,open,2025-01-20,,Robert Wilson,Analysis of logistics impact and exploration of rail delivery alternatives. Evaluate on-site temporary stockpiling for critical material. Engage logistics consultants for route optimization.,Supply Chain,"Potential 15-20% increase in delivery lead times affecting just-in-time concrete production. May impact foundation schedule for healthcare project.",medium,medium,Market Intelligence Service
BuildTech Systems,compliance,critical,Code Compliance Issue,Building code authority notification of potential non-compliance with updated fire control system requirements in MEP installations.,acknowledged,2025-01-05,,Jennifer Garcia,Immediate engineering review team assigned. Comprehensive audit of installed and specified systems. Request full certification documentation and testing protocols.,Quality & Compliance,"Potential stop-work order on three commercial projects if certification issues not resolved within 30 days. Remediation could require partial demolition of installed work.",high,critical,Regulatory Authority Notice
MetalTech Fabricators,operational,high,Quality Control Failure,Structural steel weld failure detected in pre-installation testing. 28% rejection rate vs. normal 2%. Affects steel connections for moment frames.,open,2025-01-18,,David Nguyen,Quality control team dispatched to fabrication facility. Hold placed on all steel from suspect production batch. Third-party testing implemented for 100% of delivered materials.,Quality & Safety,"Potential structural safety concerns and project delays if replacement components cannot be expedited. May trigger re-engineering and local building department special inspections.",high,high,Third-Party Inspection Report
GreenBuild Materials,esg,medium,Environmental Certification Challenge,LEED certification challenge on sustainable material documentation affecting EPDs (Environmental Product Declarations) for major insulation supplier.,open,2025-01-22,,Emily Johnson,Request updated documentation and independent verification. Evaluate alternative materials with stronger documentation. Engage USGBC consultant for certification pathway assessment.,Sustainability Goals,"Potential impact on LEED Gold certification for healthcare project. May require material substitution and additional documentation costs.",medium,medium,Certification Review Process
FastTrack Modular Systems,financial,high,Liquidity Concern,Financial analysis indicates potential liquidity issues based on latest quarterly report showing negative cash flow for prefabricated building components supplier.,acknowledged,2025-01-08,,Michael Chen,Financial risk assessment in progress. Review of contract payment milestones and consider adjustment to material pre-purchase arrangements. Evaluate performance bonding options.,Project Delivery,"Potential risk to modular construction schedule for multi-family housing project if supplier experiences production constraints due to working capital limitations.",high,medium,Financial Analysis Team
Global Roofing Industries,compliance,medium,Safety Violation,Notification of workplace safety violations at roofing supplier's manufacturing facility. OSHA investigation in progress.,open,2025-01-25,,Lisa Carter,Request comprehensive safety audit and remediation plan. Evaluate production impact and potential schedule effects. Temporary sourcing of critical materials from secondary suppliers.,Production Capacity,"Potential delays in roofing material delivery affecting weather-tight milestone on three commercial projects. May require temporary roofing solutions.",medium,medium,Regulatory Monitoring Service
SmartSite Equipment,operational,low,Equipment Availability Alert,Construction equipment supplier reporting 25% reduction in heavy excavation equipment availability due to regional infrastructure project demands.,open,2025-01-16,,James Wilson,Secure long-term rental agreements for critical equipment. Evaluate schedule optimization for earthwork activities. Consider alternative excavation methodologies.,Project Schedule,"Minimal impact expected with potential 4-5 day delay on initial excavation activities. Schedule float available.",low,low,Supplier Notification
EcoGlass Solutions,financial,medium,Insurance Coverage Reduction,Curtain wall installer has reduced liability insurance coverage below contractual requirements for high-rise projects.,acknowledged,2025-01-12,,Karen Martinez,Legal review of contract requirements and risk exposure. Request supplier remediation of insurance coverage. Consider conditionally waiving requirements with additional contractor protections.,Risk Management,"Potential increased liability exposure for building envelope failures. May require owner notification and approval of insurance variance.",medium,medium,Contract Compliance Review
ProConcrete Pumping,operational,medium,Labor Dispute Alert,Concrete pumping contractor facing potential labor strike affecting boom pump operators. Union vote scheduled for next week.,open,2025-01-28,,Thomas Wilson,Develop contingency plans for critical concrete placements. Pre-position additional formwork to enable larger single pours. Identify alternative pumping contractors for emergency coverage.,Schedule Risk,"Potential disruption to concrete pour schedule affecting critical path. May require schedule recovery measures including weekend work.",medium,high,Industry Intelligence Network
TerraFirm Foundations,geopolitical,high,Material Embargo Impact,Steel sheet pile supply disruption due to new trade restrictions affecting deep foundation contractor's primary material source.,acknowledged,2025-01-14,,Sarah Johnson,Engineering evaluation of alternative containment systems. Engage procurement team to secure available sheet pile inventory from domestic sources. Consider H-pile alternative with redesign.,Critical Path,"Significant potential delay to foundation systems on waterfront project. May require design modifications and additional permitting.",high,high,Material Supplier Notification
BuildSmart Technologies,technology,medium,Cybersecurity Vulnerability,Critical security vulnerability identified in building automation system components affecting three installed projects.,open,2025-01-19,,Alex Rodriguez,Security patch implementation plan developed. Temporary network isolation implemented. Comprehensive security audit initiated with third-party verification.,Building Operations,"Potential security exposure for connected building systems. Temporary manual operation protocols may be required during remediation.",medium,medium,Security Monitoring Alert
Precision Electrical Contractors,operational,high,Key Personnel Loss,Lead electrical engineer and project manager departed company with limited knowledge transfer. Affects mission critical data center project.,open,2025-01-23,,Jennifer Lee,Immediate assignment of senior replacement personnel. Comprehensive project documentation review. Accelerated knowledge transfer sessions with remaining team. Client communication plan developed.,Project Management,"Potential design coordination issues and schedule disruption during transition. May impact commissioning timeline if not properly managed.",high,high,Supplier Notification